<PAMDataset>
  <Metadata>
    <MDI key="DataType">Generic</MDI>
  </Metadata>
  <Metadata domain="Esri">
    <MDI key="PyramidResamplingType">NEAREST</MDI>
  </Metadata>
  <PAMRasterBand band="1">
    <NoDataValue>-3.40282300000000E+038</NoDataValue>
    <Histograms>
      <HistItem>
        <HistMin>-12.194091796875</HistMin>
        <HistMax>10.905517578125</HistMax>
        <BucketCount>256</BucketCount>
        <IncludeOutOfRange>1</IncludeOutOfRange>
        <Approximate>0</Approximate>
        <HistCounts>1|0|0|0|0|0|0|0|0|0|0|1|0|0|0|0|0|0|0|0|0|0|0|0|0|0|0|0|0|0|0|0|0|0|0|0|0|0|0|0|0|0|0|0|0|0|1|0|1|0|0|1|0|0|0|1|0|1|2|0|0|2|1|0|3|2|2|0|0|1|2|3|1|2|0|6|1|2|3|3|6|2|4|7|4|9|3|8|12|9|10|9|14|19|22|14|18|29|22|33|34|36|40|40|63|60|73|80|89|119|153|194|213|229|276|346|453|527|720|871|1116|1450|1888|2621|3532|5076|7422|11404|18218|31130|55938|108540|265966|964439|2835863|1326414|333727|125279|61514|34948|21451|13883|9172|6243|4350|3140|2239|1686|1252|909|709|555|432|379|281|234|191|177|138|126|104|91|71|72|68|54|50|35|35|22|27|20|23|14|12|12|12|14|8|3|6|8|10|3|5|2|2|6|3|2|6|5|3|0|4|1|4|2|2|1|2|2|0|0|1|1|0|3|0|2|2|2|2|2|2|0|1|1|0|0|1|0|0|1|0|0|0|2|0|0|0|0|0|0|0|0|0|1|0|1|0|1|1|0|0|0|0|0|0|0|0|0|1|0|1|0</HistCounts>
      </HistItem>
    </Histograms>
    <Metadata>
      <MDI key="STATISTICS_SKIPFACTORX">1</MDI>
      <MDI key="STATISTICS_SKIPFACTORY">1</MDI>
      <MDI key="STATISTICS_EXCLUDEDVALUES"></MDI>
      <MDI key="STATISTICS_COVARIANCES">2.94977299908275E-02</MDI>
    </Metadata>
  </PAMRasterBand>
</PAMDataset>
